YEAR,DOY,T2M,T2M_MAX,T2M_MIN,T2M_RANGE,PRECTOTCORR,RH2M,WS2M,WS2M_MAX,PS,QV2M,Country,Month,Date
2021,321,15.47,21.29,16.56,9.76,4.16,53.1,2.13,4.81,77.04,12.79,Ethiopia,2,2021-02-01
2018,319,14.67,14.97,10.87,6.02,1.9,75.87,1.26,3.38,78.79,10.1,Ethiopia,3,2018-03-01
2025,101,19.48,17.87,14.62,10.58,9.87,73.18,2.45,4.72,75.97,10.25,Ethiopia,9,2025-09-01
2022,329,16.34,17.8,13.61,9.86,1.73,43.93,2.71,3.45,77.63,8.9,Ethiopia,7,2022-07-01
2019,273,15.98,22.28,13.11,2.44,4.07,58.46,1.3,2.1,76.92,9.14,Ethiopia,4,2019-04-01
2021,265,15.73,18.8,18.09,4.69,7.14,75.42,1.76,3.99,79.1,10.77,Ethiopia,10,2021-10-01
2024,38,17.57,16.01,12.4,3.93,10.8,46.73,2.21,3.53,77.55,7.89,Ethiopia,5,2024-05-01
2017,94,15.1,20.76,12.37,5.9,13.18,74.44,0.59,2.38,77.32,10.51,Ethiopia,2,2017-02-01
2021,95,17.33,16.54,15.66,6.37,9.23,63.59,2.21,4.19,76.92,13.02,Ethiopia,11,2021-11-01
2025,305,19.23,18.48,14.52,6.46,0.19,78.4,0.57,3.11,76.3,5.73,Ethiopia,8,2025-08-01
2025,69,16.92,17.46,15.56,8.11,1.48,64.99,2.57,7.09,77.31,6.92,Ethiopia,4,2025-04-01
2022,318,15.5,17.88,13.23,8.99,6.69,57.78,1.56,2.54,75.62,11.35,Ethiopia,9,2022-09-01
2019,236,14.09,20.87,13.63,7.93,5.6,68.08,0.56,2.79,75.66,12.73,Ethiopia,5,2019-05-01
2018,334,15.45,22.04,16.8,4.88,11.14,64.7,1.42,4.87,78.01,9.02,Ethiopia,9,2018-09-01
2022,137,17.13,16.45,11.33,4.44,15.4,56.89,1.46,3.87,75.24,6.0,Ethiopia,4,2022-04-01
2022,76,12.93,20.25,12.79,6.01,14.34,87.18,3.07,4.85,76.68,12.86,Ethiopia,10,2022-10-01
2017,35,17.66,17.53,14.6,6.85,10.47,55.29,2.17,4.38,75.95,8.38,Ethiopia,5,2017-05-01
2020,1,16.42,17.6,12.61,5.63,5.64,42.57,1.04,3.42,76.6,9.28,Ethiopia,9,2020-09-01
2019,296,15.7,19.98,11.86,3.31,9.75,80.82,3.65,2.62,77.18,10.64,Ethiopia,8,2019-08-01
2016,320,14.68,16.94,14.24,7.36,11.31,59.16,2.63,5.07,77.98,8.67,Ethiopia,3,2016-03-01
2022,60,15.05,19.94,15.67,5.22,2.26,62.03,1.66,2.71,78.22,8.25,Ethiopia,1,2022-01-01
2020,320,17.19,20.46,12.72,5.15,0.34,61.42,0.45,4.56,76.08,8.28,Ethiopia,3,2020-03-01
2016,349,15.74,18.13,12.66,5.89,0.84,59.3,1.58,4.92,76.53,13.72,Ethiopia,4,2016-04-01
2019,328,15.0,21.65,11.7,5.52,1.38,57.34,1.78,3.87,81.05,12.32,Ethiopia,2,2019-02-01
2015,267,16.94,16.45,12.41,5.27,3.91,55.03,2.37,3.7,76.75,11.15,Ethiopia,1,2015-01-01
2024,361,17.02,21.69,15.17,3.44,4.25,65.65,2.61,3.02,76.12,5.63,Ethiopia,7,2024-07-01
2020,229,13.5,15.11,13.16,5.78,2.0,60.98,2.81,4.46,76.28,11.16,Ethiopia,8,2020-08-01
2023,270,17.14,24.4,11.39,7.41,0.92,72.3,0.39,0.95,76.76,11.05,Ethiopia,7,2023-07-01
2015,316,21.0,18.19,13.52,6.53,6.51,69.83,2.21,4.72,76.61,7.44,Ethiopia,5,2015-05-01
2025,286,16.94,16.68,15.1,7.9,3.91,55.72,1.84,4.12,76.77,10.52,Ethiopia,12,2025-12-01
2025,291,12.6,18.53,11.88,4.54,5.15,66.09,4.68,3.78,76.98,12.1,Ethiopia,1,2025-01-01
2024,213,16.35,16.91,10.34,3.44,9.83,60.82,2.06,4.24,76.97,11.14,Ethiopia,7,2024-07-01
2017,165,12.34,19.77,17.38,5.51,7.32,55.08,1.38,2.63,76.04,8.64,Ethiopia,7,2017-07-01
2021,5,22.33,21.74,10.24,4.77,10.59,71.89,2.11,1.59,77.37,10.03,Ethiopia,9,2021-09-01
2018,339,20.47,17.01,12.28,4.98,3.4,63.79,1.99,4.47,77.12,11.46,Ethiopia,3,2018-03-01
2023,78,14.67,20.16,13.46,6.42,11.06,60.92,0.01,5.32,77.5,10.12,Ethiopia,9,2023-09-01
2017,62,11.51,15.93,12.46,4.99,4.8,56.44,2.41,2.26,75.29,12.51,Ethiopia,1,2017-01-01
2019,132,14.24,21.07,12.85,3.5,3.84,54.72,1.69,2.95,77.16,10.79,Ethiopia,1,2019-01-01
2017,89,15.64,19.83,14.15,4.88,10.31,84.89,1.97,4.75,75.01,11.51,Ethiopia,4,2017-04-01
2021,237,12.48,21.15,8.22,6.68,1.36,68.34,1.13,4.36,76.82,11.64,Ethiopia,9,2021-09-01
2019,42,15.86,18.76,10.47,7.34,13.12,54.09,0.91,6.96,77.66,7.87,Ethiopia,6,2019-06-01
2023,89,15.62,18.13,13.09,7.32,1.59,67.88,2.88,5.08,78.05,10.1,Ethiopia,11,2023-11-01
2021,296,16.25,20.63,12.19,6.85,3.09,75.62,3.11,4.84,77.33,9.34,Ethiopia,3,2021-03-01
2016,328,16.46,16.38,13.26,5.66,6.27,66.68,2.42,3.24,77.68,12.09,Ethiopia,1,2016-01-01
2018,295,14.07,15.51,13.46,6.81,1.11,78.74,0.19,4.52,76.7,10.93,Ethiopia,4,2018-04-01
2023,104,14.29,18.99,8.77,5.92,13.13,49.57,2.48,5.5,76.49,9.62,Ethiopia,12,2023-12-01
2016,14,16.09,18.22,15.55,6.23,0.84,45.09,0.2,3.84,79.69,7.44,Ethiopia,9,2016-09-01
2024,288,14.74,20.11,12.0,4.12,4.57,67.61,1.34,3.88,77.83,6.81,Ethiopia,3,2024-03-01
2023,179,17.81,21.18,11.27,6.09,4.13,67.76,2.87,4.14,75.83,10.62,Ethiopia,12,2023-12-01
2024,125,16.07,20.07,13.42,6.76,7.06,31.6,2.66,3.34,75.27,8.57,Ethiopia,9,2024-09-01
2019,353,19.73,21.02,13.21,6.68,0.89,58.76,2.46,4.27,76.53,11.33,Ethiopia,7,2019-07-01
2016,23,17.64,19.64,15.39,3.42,6.47,54.91,3.31,4.24,78.19,6.71,Ethiopia,12,2016-12-01
2018,63,18.21,19.99,13.54,6.19,0.86,51.08,2.56,5.48,77.05,13.19,Ethiopia,4,2018-04-01
2021,143,16.27,18.77,15.32,3.11,7.23,54.89,-0.02,3.81,74.78,11.33,Ethiopia,3,2021-03-01
2022,153,16.31,19.93,11.12,6.35,3.66,70.96,1.63,4.67,76.82,10.2,Ethiopia,10,2022-10-01
2017,145,19.46,19.33,13.28,4.6,3.43,54.83,1.96,3.84,77.0,13.37,Ethiopia,5,2017-05-01
2015,225,15.24,19.65,10.77,9.41,7.41,55.17,1.84,4.64,74.58,11.9,Ethiopia,5,2015-05-01
2018,309,17.09,18.67,13.2,6.24,10.78,48.81,1.38,3.75,77.02,9.05,Ethiopia,3,2018-03-01
2016,104,15.47,20.62,12.77,7.6,12.56,77.69,0.97,4.57,75.99,10.16,Ethiopia,12,2016-12-01
2022,104,15.46,17.58,12.69,10.22,7.32,69.35,4.4,4.73,75.16,6.07,Ethiopia,9,2022-09-01
2018,39,13.66,18.96,12.7,4.37,4.39,40.08,1.61,2.93,78.6,12.13,Ethiopia,4,2018-04-01
2016,198,14.51,21.62,14.47,6.87,4.14,55.18,4.35,5.1,75.94,9.41,Ethiopia,11,2016-11-01
2020,134,14.14,17.1,9.79,3.63,4.01,70.29,0.86,3.83,76.33,6.05,Ethiopia,5,2020-05-01
2020,67,17.19,14.68,11.2,6.69,4.07,77.81,2.66,3.53,76.32,7.64,Ethiopia,4,2020-04-01
2024,179,18.08,19.73,12.92,9.53,2.01,73.41,2.23,3.29,77.0,11.74,Ethiopia,5,2024-05-01
2018,42,15.81,18.49,10.64,4.74,6.16,61.44,1.08,4.3,78.77,13.23,Ethiopia,7,2018-07-01
2020,15,16.46,21.02,13.09,4.23,8.61,45.69,1.53,4.0,75.8,10.04,Ethiopia,9,2020-09-01
2016,111,15.7,18.74,12.9,5.82,1.09,73.7,1.98,4.37,76.69,8.04,Ethiopia,7,2016-07-01
2024,157,14.38,17.79,10.19,10.09,1.17,62.03,1.16,4.39,77.12,7.16,Ethiopia,5,2024-05-01
2016,289,17.72,18.85,10.09,7.54,2.3,65.69,1.74,4.61,76.13,12.83,Ethiopia,10,2016-10-01
2024,231,17.31,21.19,7.75,4.19,0.08,63.23,-0.36,6.78,76.68,10.9,Ethiopia,10,2024-10-01
2018,157,12.21,20.15,10.56,8.91,5.21,51.44,2.71,4.04,77.59,9.34,Ethiopia,7,2018-07-01
2022,38,15.43,14.13,13.03,2.69,1.98,68.64,3.23,3.27,76.24,8.86,Ethiopia,10,2022-10-01
2021,97,14.24,19.37,13.31,10.27,3.16,67.26,2.45,1.98,76.66,11.34,Ethiopia,5,2021-05-01
2023,289,15.22,19.47,13.4,7.71,9.04,60.74,4.26,2.8,76.57,11.29,Ethiopia,3,2023-03-01
2022,254,14.66,18.96,11.44,9.53,11.51,69.71,2.68,5.24,76.9,8.21,Ethiopia,7,2022-07-01
2019,196,15.91,17.78,12.96,2.7,2.48,51.26,3.14,4.72,77.24,7.72,Ethiopia,11,2019-11-01
2016,86,15.34,21.39,13.79,6.34,5.73,62.31,3.24,2.65,77.59,7.82,Ethiopia,11,2016-11-01
2019,322,15.3,21.49,10.46,5.73,7.37,65.26,-0.75,6.46,78.94,9.06,Ethiopia,2,2019-02-01
2022,10,18.21,14.59,13.25,3.99,4.46,47.65,2.42,4.33,74.34,8.62,Ethiopia,12,2022-12-01
2024,5,17.11,17.4,14.31,3.41,3.8,64.43,0.62,4.46,76.83,13.24,Ethiopia,9,2024-09-01
2023,123,14.59,18.71,12.02,7.01,15.67,72.34,0.82,6.24,75.64,8.99,Ethiopia,10,2023-10-01
2023,330,14.89,20.9,15.12,7.2,6.39,61.97,0.99,5.74,76.61,7.5,Ethiopia,10,2023-10-01
2015,353,16.98,19.07,12.07,8.6,1.77,64.66,1.69,4.78,77.88,7.61,Ethiopia,12,2015-12-01
2023,118,16.98,17.63,11.28,4.99,0.2,70.62,2.65,4.83,78.2,9.63,Ethiopia,1,2023-01-01
2021,294,14.79,20.42,14.11,5.72,7.11,61.12,2.43,4.92,78.24,6.36,Ethiopia,6,2021-06-01
2023,159,15.53,18.58,17.07,3.24,5.35,62.02,1.99,3.76,78.24,9.88,Ethiopia,7,2023-07-01
2022,303,19.69,18.77,13.17,9.08,12.74,53.23,2.72,4.29,76.83,7.33,Ethiopia,8,2022-08-01
2015,228,14.83,18.95,14.27,6.14,1.07,64.85,2.78,4.57,78.4,12.32,Ethiopia,10,2015-10-01
2022,216,19.82,20.15,11.98,7.45,6.68,61.65,2.44,3.87,78.6,10.23,Ethiopia,9,2022-09-01
2022,184,18.21,18.38,10.52,7.52,0.32,69.99,0.28,3.03,77.14,14.24,Ethiopia,2,2022-02-01
2025,15,19.45,20.37,13.33,8.92,7.41,70.63,1.26,3.73,78.18,9.54,Ethiopia,11,2025-11-01
2017,157,14.74,18.85,13.65,4.34,0.86,72.91,2.03,3.01,77.04,3.74,Ethiopia,10,2017-10-01
2015,136,15.66,16.87,12.28,7.4,1.1,59.92,2.73,4.06,78.41,12.92,Ethiopia,2,2015-02-01
2022,261,15.1,18.93,14.26,5.95,3.1,43.23,0.67,2.22,76.84,11.0,Ethiopia,5,2022-05-01
2017,157,18.25,16.97,11.69,10.21,4.15,72.42,1.99,4.34,76.39,11.31,Ethiopia,5,2017-05-01
2017,47,14.86,19.08,11.2,4.33,3.94,69.31,0.43,2.37,75.88,7.99,Ethiopia,6,2017-06-01
2015,324,17.46,20.66,15.12,8.34,1.91,58.65,3.03,3.6,76.83,9.91,Ethiopia,3,2015-03-01
2025,332,17.36,16.85,15.13,6.7,0.51,70.55,2.24,4.5,77.08,10.37,Ethiopia,8,2025-08-01
2019,173,15.9,19.73,11.73,6.6,0.2,50.51,0.65,4.79,76.05,9.52,Ethiopia,1,2019-01-01
2024,130,18.6,17.34,16.44,6.11,2.09,75.3,0.65,4.67,76.75,6.53,Ethiopia,6,2024-06-01
2021,95,16.22,19.4,12.43,8.69,7.71,61.66,2.39,4.32,76.47,15.54,Ethiopia,4,2021-04-01
2024,115,17.67,20.72,13.17,6.53,0.22,56.71,3.37,2.88,75.92,11.67,Ethiopia,1,2024-01-01
2023,243,15.01,14.74,12.83,2.95,6.97,58.78,0.9,4.98,78.04,10.84,Ethiopia,7,2023-07-01
2021,292,14.55,16.77,14.05,8.44,4.32,62.69,2.79,2.9,78.21,12.63,Ethiopia,9,2021-09-01
2023,282,17.46,18.26,13.54,8.07,6.63,64.88,1.46,5.09,78.03,11.29,Ethiopia,4,2023-04-01
2022,299,16.86,19.63,13.52,7.17,0.98,65.48,2.82,4.63,76.92,8.65,Ethiopia,4,2022-04-01
2016,283,16.49,18.67,10.96,3.74,0.2,60.7,2.68,5.36,76.98,12.5,Ethiopia,6,2016-06-01
2015,69,15.31,18.91,9.62,4.05,0.25,67.0,2.16,4.02,75.94,11.7,Ethiopia,12,2015-12-01
2021,148,19.1,23.09,15.28,2.25,1.27,65.08,0.17,3.18,77.41,8.72,Ethiopia,3,2021-03-01
2021,11,13.77,16.58,11.91,6.92,8.53,58.52,2.68,2.71,77.17,11.58,Ethiopia,12,2021-12-01
2022,254,13.66,21.27,12.9,3.3,2.43,57.02,2.5,2.82,79.84,9.52,Ethiopia,6,2022-06-01
2019,330,17.88,18.3,13.65,2.56,7.2,71.08,2.41,2.36,78.09,10.42,Ethiopia,7,2019-07-01
2017,360,17.72,20.1,16.26,8.55,1.84,70.24,2.2,4.94,77.32,11.2,Ethiopia,11,2017-11-01
2022,38,16.71,23.26,13.32,7.54,1.08,65.57,1.12,5.07,76.96,12.74,Ethiopia,10,2022-10-01
2020,134,15.42,20.38,12.21,5.33,7.77,74.24,3.08,4.55,78.0,8.71,Ethiopia,10,2020-10-01
2025,200,17.0,19.74,11.95,5.73,1.03,45.39,2.9,3.97,76.08,10.73,Ethiopia,3,2025-03-01
2017,23,19.44,22.2,12.93,1.19,8.06,59.36,0.92,6.06,78.14,14.03,Ethiopia,7,2017-07-01
2015,303,21.03,21.25,11.18,7.83,0.14,53.44,3.31,3.9,75.91,9.65,Ethiopia,3,2015-03-01
2017,346,12.69,17.4,13.06,4.61,1.39,87.56,2.13,4.22,76.44,10.39,Ethiopia,2,2017-02-01
2019,302,15.16,19.59,12.9,6.66,11.35,72.13,2.13,3.95,75.16,14.03,Ethiopia,12,2019-12-01
2017,363,15.04,15.57,16.28,1.02,0.82,64.21,1.82,3.66,77.61,11.27,Ethiopia,10,2017-10-01
2015,218,19.25,17.92,12.83,7.96,3.73,72.85,1.92,4.63,77.25,7.05,Ethiopia,4,2015-04-01
2019,141,11.04,19.63,9.15,4.49,6.08,76.16,3.37,3.37,76.44,8.41,Ethiopia,12,2019-12-01
2024,104,17.03,17.8,18.35,3.25,4.13,76.06,3.03,3.3,76.07,11.38,Ethiopia,8,2024-08-01
2021,210,15.49,19.55,14.91,5.32,4.28,74.22,3.01,4.68,78.38,10.85,Ethiopia,9,2021-09-01
2021,111,19.28,18.97,17.16,4.81,2.72,62.37,2.18,3.5,76.87,10.33,Ethiopia,7,2021-07-01
2025,104,19.0,20.07,10.69,8.15,3.51,59.99,2.89,4.13,76.23,14.32,Ethiopia,1,2025-01-01
2023,316,16.73,18.15,12.56,5.16,4.74,55.38,1.17,3.66,78.92,8.77,Ethiopia,3,2023-03-01
2024,171,12.84,17.12,14.35,8.73,0.66,70.02,2.58,3.99,76.34,9.85,Ethiopia,12,2024-12-01
2024,356,14.85,21.96,14.07,6.66,6.88,63.41,1.85,3.33,78.14,6.07,Ethiopia,9,2024-09-01
2017,324,15.07,18.01,13.61,7.79,9.86,60.82,-0.06,3.36,75.85,12.32,Ethiopia,12,2017-12-01
2021,133,13.35,20.32,8.6,6.0,6.03,60.29,0.41,3.18,76.65,8.4,Ethiopia,1,2021-01-01
2015,293,18.31,21.87,9.58,8.54,9.87,79.5,1.34,4.84,77.5,12.11,Ethiopia,9,2015-09-01
2018,328,13.09,19.33,16.04,3.69,0.94,74.53,2.42,4.17,76.94,11.9,Ethiopia,8,2018-08-01
2018,127,19.93,17.29,16.39,6.23,2.35,83.3,1.34,4.92,77.24,14.7,Ethiopia,1,2018-01-01
2019,106,19.93,18.64,12.79,5.21,1.56,70.29,1.41,5.03,76.46,11.3,Ethiopia,6,2019-06-01
2021,92,15.23,21.04,15.78,8.79,3.94,65.57,2.76,3.54,75.4,9.29,Ethiopia,5,2021-05-01
2021,287,16.66,19.41,10.95,9.0,3.33,64.75,1.44,4.88,78.47,10.91,Ethiopia,6,2021-06-01
2025,51,15.86,16.59,11.41,6.0,8.38,54.8,3.33,3.99,76.52,8.48,Ethiopia,10,2025-10-01
2018,29,17.8,20.19,10.8,3.42,0.71,52.39,3.17,3.84,77.29,10.64,Ethiopia,12,2018-12-01
2021,296,18.55,20.54,11.3,6.85,11.3,70.07,2.02,5.25,77.7,9.6,Ethiopia,5,2021-05-01
2025,297,16.52,18.29,14.45,2.67,6.32,55.65,2.75,4.55,77.31,9.86,Ethiopia,6,2025-06-01
2017,214,16.94,20.22,11.28,9.25,3.45,67.11,2.62,3.65,76.29,8.2,Ethiopia,5,2017-05-01
2020,267,14.76,19.49,17.48,5.05,2.1,76.15,1.75,4.49,78.16,10.6,Ethiopia,11,2020-11-01
2016,257,16.87,18.61,13.92,5.94,1.47,58.35,2.86,2.73,77.51,11.65,Ethiopia,12,2016-12-01
2024,302,16.33,16.41,15.17,4.64,1.79,85.1,3.01,4.25,77.2,6.7,Ethiopia,5,2024-05-01
2023,101,14.18,21.16,13.98,4.2,3.84,55.09,1.05,2.5,77.18,8.62,Ethiopia,4,2023-04-01
2019,346,15.97,20.52,15.43,7.47,1.96,74.9,2.15,3.02,78.68,10.34,Ethiopia,3,2019-03-01
2020,110,15.23,20.17,11.26,5.68,0.2,69.25,2.14,4.58,76.27,5.31,Ethiopia,3,2020-03-01
2018,182,14.78,22.09,15.89,6.08,3.87,76.94,2.85,1.33,77.42,13.48,Ethiopia,4,2018-04-01
2025,313,13.71,20.89,13.28,3.99,1.18,53.84,1.56,5.8,76.47,8.58,Ethiopia,9,2025-09-01
2024,1,16.13,20.37,15.42,7.71,4.61,88.07,1.4,4.83,75.06,8.12,Ethiopia,2,2024-02-01
2021,319,14.44,14.57,10.12,7.92,1.88,63.21,2.17,2.16,75.04,9.59,Ethiopia,9,2021-09-01
2023,55,15.06,21.39,13.36,5.58,6.48,71.77,3.18,6.4,75.99,10.27,Ethiopia,1,2023-01-01
2021,149,18.15,19.17,13.29,8.54,7.95,79.44,0.8,6.67,76.34,8.49,Ethiopia,1,2021-01-01
2015,309,17.26,19.62,11.76,5.79,7.94,58.95,0.98,3.82,79.17,11.96,Ethiopia,5,2015-05-01
2015,137,14.04,19.64,13.63,7.56,4.59,73.26,1.48,3.07,77.7,10.8,Ethiopia,6,2015-06-01
2023,202,16.7,20.55,16.08,2.75,5.17,57.29,1.66,5.69,77.79,8.33,Ethiopia,6,2023-06-01
2025,313,16.27,21.24,11.61,6.71,1.39,78.97,0.23,3.66,76.36,8.96,Ethiopia,3,2025-03-01
2023,117,19.4,20.27,14.92,5.46,6.39,57.4,3.5,4.16,77.06,6.97,Ethiopia,7,2023-07-01
2018,154,18.77,19.95,10.75,6.31,6.95,65.39,1.87,5.22,79.31,7.49,Ethiopia,9,2018-09-01
2023,291,12.93,19.46,17.22,6.22,4.84,68.06,1.72,3.85,75.79,10.78,Ethiopia,11,2023-11-01
2017,63,17.72,12.3,14.57,6.25,4.89,72.84,3.62,3.76,77.46,8.35,Ethiopia,12,2017-12-01
2021,244,18.53,18.42,16.45,7.23,9.84,84.68,2.72,2.73,78.61,13.61,Ethiopia,10,2021-10-01
2020,25,17.12,17.12,14.34,4.87,1.22,60.48,1.46,3.37,77.97,10.14,Ethiopia,8,2020-08-01
2022,90,15.33,21.42,13.78,7.14,0.13,76.39,2.16,3.74,78.8,7.29,Ethiopia,6,2022-06-01
2025,75,20.83,20.24,14.59,8.47,0.9,84.7,1.96,2.76,77.21,7.71,Ethiopia,12,2025-12-01
2023,294,17.3,18.08,12.73,3.18,4.52,66.66,3.45,2.85,77.6,12.11,Ethiopia,8,2023-08-01
2019,210,19.95,18.28,9.76,4.44,3.63,59.5,1.83,4.03,77.11,9.85,Ethiopia,12,2019-12-01
2015,347,18.7,18.21,13.89,4.52,3.15,47.7,0.56,2.15,77.53,11.98,Ethiopia,5,2015-05-01
2017,17,16.93,18.18,11.49,3.82,3.99,83.83,0.12,3.12,76.08,9.27,Ethiopia,8,2017-08-01
2024,128,14.84,16.11,10.8,5.05,5.08,62.56,3.48,5.94,77.79,8.88,Ethiopia,10,2024-10-01
2022,364,15.95,15.68,14.27,8.07,0.99,54.99,1.21,3.65,77.29,12.24,Ethiopia,12,2022-12-01
2025,251,15.56,19.06,12.44,8.9,4.37,51.42,2.67,3.53,77.06,8.28,Ethiopia,4,2025-04-01
2020,179,13.57,21.15,15.06,6.21,5.22,54.97,2.07,3.65,78.75,10.98,Ethiopia,10,2020-10-01
2022,182,17.3,17.92,11.42,5.35,0.56,74.2,1.58,3.67,76.73,9.58,Ethiopia,8,2022-08-01
2023,152,19.13,19.61,12.06,7.61,5.1,75.58,1.74,4.57,78.21,11.76,Ethiopia,10,2023-10-01
2018,25,15.4,20.47,15.3,1.27,3.4,71.52,3.58,4.5,78.31,13.64,Ethiopia,12,2018-12-01
2015,180,20.33,17.01,13.56,3.89,0.16,66.32,0.55,3.61,77.86,9.22,Ethiopia,2,2015-02-01
2015,198,12.88,18.96,10.05,1.36,4.41,52.54,1.61,3.79,76.03,8.91,Ethiopia,12,2015-12-01
2024,344,18.11,17.67,13.52,3.87,1.55,57.7,2.91,5.31,77.36,11.33,Ethiopia,12,2024-12-01
2018,161,19.34,22.21,15.96,4.47,6.49,53.93,0.72,2.49,78.96,7.84,Ethiopia,5,2018-05-01
2021,177,15.59,22.12,12.04,8.96,1.8,70.73,3.32,3.94,75.18,13.23,Ethiopia,9,2021-09-01
2016,285,15.63,17.02,14.2,0.48,3.45,54.37,2.89,4.14,76.81,12.89,Ethiopia,4,2016-04-01
2017,63,18.09,19.77,11.3,5.17,4.33,57.86,2.27,3.22,78.16,8.0,Ethiopia,11,2017-11-01
2015,150,17.01,21.14,12.73,7.24,4.15,63.17,1.5,3.88,76.88,6.83,Ethiopia,6,2015-06-01
2019,154,12.01,20.7,15.18,6.82,2.41,48.3,0.59,3.09,77.81,7.68,Ethiopia,1,2019-01-01
2015,156,14.31,19.16,13.44,8.92,6.75,65.47,2.71,4.64,78.41,7.71,Ethiopia,9,2015-09-01
2022,49,15.97,21.61,15.58,6.32,6.49,63.93,4.75,2.66,77.23,11.6,Ethiopia,1,2022-01-01
2015,337,13.26,17.19,13.85,6.75,1.35,76.84,2.15,5.06,77.51,13.1,Ethiopia,5,2015-05-01
2025,84,15.05,18.39,17.44,2.32,0.3,56.8,0.17,3.93,77.09,11.58,Ethiopia,4,2025-04-01
2015,361,13.31,17.24,9.87,4.02,2.29,52.01,2.46,3.55,77.3,9.53,Ethiopia,12,2015-12-01
2016,177,15.26,20.56,12.57,2.43,0.79,61.26,2.86,3.0,79.1,10.68,Ethiopia,3,2016-03-01
2016,148,15.33,17.83,10.83,7.15,6.2,54.02,1.08,5.03,76.94,8.26,Ethiopia,6,2016-06-01
2020,118,16.7,18.66,10.97,6.7,3.74,65.39,1.35,3.35,76.65,12.19,Ethiopia,2,2020-02-01
2021,342,15.82,20.24,10.99,6.63,2.47,46.4,1.25,2.83,78.04,10.86,Ethiopia,3,2021-03-01
2019,63,17.01,20.4,13.34,4.24,1.11,58.95,1.47,5.05,76.16,11.55,Ethiopia,5,2019-05-01
2015,189,16.77,17.19,13.45,4.05,8.94,55.72,1.83,3.1,76.39,8.54,Ethiopia,9,2015-09-01
2015,360,18.06,21.11,13.85,6.42,10.68,70.68,1.14,3.91,76.39,9.66,Ethiopia,2,2015-02-01
2017,49,17.75,19.91,10.75,4.66,5.69,56.89,0.76,4.82,76.74,11.45,Ethiopia,10,2017-10-01
2016,327,17.54,16.84,12.35,3.96,1.94,47.64,2.17,4.16,76.79,12.89,Ethiopia,8,2016-08-01
2019,257,22.21,16.34,11.07,4.98,0.8,62.98,1.82,5.73,77.7,8.78,Ethiopia,2,2019-02-01
2024,224,16.69,18.97,14.87,4.68,5.75,68.2,1.56,3.17,76.66,11.56,Ethiopia,11,2024-11-01
2020,141,21.19,20.7,11.26,4.27,3.38,62.29,2.08,3.79,77.74,8.58,Ethiopia,5,2020-05-01
2021,215,16.82,20.75,12.57,3.55,5.05,58.89,0.48,3.87,77.86,14.23,Ethiopia,7,2021-07-01
2018,211,15.83,19.71,14.12,6.9,8.16,58.28,2.26,4.62,76.35,9.17,Ethiopia,8,2018-08-01
2021,318,15.25,19.1,11.77,9.11,9.73,66.13,1.58,5.29,77.84,11.29,Ethiopia,1,2021-01-01
2025,32,19.02,20.02,14.39,5.92,6.69,56.11,2.24,4.07,77.93,10.33,Ethiopia,6,2025-06-01
2022,158,19.28,17.29,16.19,6.44,2.46,61.72,2.4,3.86,75.24,15.21,Ethiopia,1,2022-01-01
2025,285,17.2,22.37,13.38,7.07,0.18,72.5,3.13,2.52,77.29,10.46,Ethiopia,2,2025-02-01
2015,305,18.27,22.35,14.8,6.73,6.29,51.99,2.1,4.11,76.49,8.97,Ethiopia,1,2015-01-01
2020,286,13.45,19.86,8.85,4.31,10.98,64.56,3.07,3.35,78.3,11.28,Ethiopia,11,2020-11-01
2022,144,12.9,19.39,12.14,9.44,1.22,47.11,1.68,4.62,76.48,11.23,Ethiopia,5,2022-05-01
2019,19,18.49,18.18,13.37,4.49,14.67,67.28,1.73,3.59,75.66,9.69,Ethiopia,10,2019-10-01
2018,18,15.75,20.06,10.89,7.3,12.78,55.21,1.91,3.76,76.97,7.81,Ethiopia,9,2018-09-01
2016,257,17.5,17.62,13.42,7.06,1.52,75.2,2.77,2.54,76.1,8.94,Ethiopia,6,2016-06-01
2020,78,14.57,14.55,15.12,2.08,0.54,50.23,2.63,2.19,77.85,11.76,Ethiopia,11,2020-11-01
2020,175,19.31,13.57,9.24,5.28,5.33,69.42,2.14,5.86,76.19,6.51,Ethiopia,11,2020-11-01
2025,194,12.92,17.4,10.62,6.11,5.77,77.21,0.77,4.13,76.98,9.5,Ethiopia,1,2025-01-01
2015,113,13.23,19.31,13.37,6.27,0.81,54.69,2.61,4.4,78.55,11.99,Ethiopia,1,2015-01-01
2023,114,18.89,19.66,13.92,6.6,0.31,56.38,1.14,3.09,78.1,9.81,Ethiopia,2,2023-02-01
2025,222,10.78,18.03,14.48,7.52,12.26,55.56,1.08,4.88,77.48,14.35,Ethiopia,9,2025-09-01
2020,166,16.76,19.28,13.22,5.98,3.81,60.14,0.86,4.7,76.87,6.51,Ethiopia,3,2020-03-01
2017,319,15.79,18.45,13.92,6.71,1.58,70.17,1.92,3.2,77.38,8.08,Ethiopia,1,2017-01-01
2018,132,14.53,17.0,14.81,5.91,0.16,59.32,3.21,2.94,77.69,5.37,Ethiopia,5,2018-05-01
2025,264,15.6,18.89,12.17,3.97,7.47,53.79,1.03,3.27,76.01,13.99,Ethiopia,7,2025-07-01
2018,55,14.3,20.63,11.78,6.06,0.52,44.81,3.68,3.97,77.85,8.11,Ethiopia,6,2018-06-01
2017,359,19.08,17.09,12.66,7.5,2.75,81.02,2.91,4.17,75.9,6.03,Ethiopia,12,2017-12-01
2024,131,19.61,17.09,13.4,8.22,0.2,81.8,0.54,4.04,77.57,8.78,Ethiopia,1,2024-01-01
2017,288,14.63,16.86,11.68,7.07,4.59,70.6,1.62,5.3,75.89,7.21,Ethiopia,5,2017-05-01
2017,266,16.55,15.13,12.21,8.67,1.98,56.9,0.96,3.29,78.96,8.79,Ethiopia,5,2017-05-01
2018,162,13.35,18.04,13.8,6.84,0.49,72.48,2.66,2.91,77.76,10.08,Ethiopia,6,2018-06-01
2021,87,18.15,20.43,13.32,7.73,1.68,74.49,1.01,4.0,75.44,11.61,Ethiopia,3,2021-03-01
2018,55,18.09,19.35,12.63,7.87,1.9,62.46,0.38,2.31,77.0,9.65,Ethiopia,5,2018-05-01
2023,288,15.41,18.66,9.52,5.55,2.56,65.41,1.67,4.7,76.48,10.05,Ethiopia,7,2023-07-01
2015,178,16.03,19.26,12.99,7.45,0.56,77.32,3.17,4.1,76.36,8.84,Ethiopia,5,2015-05-01
2022,349,15.81,18.02,11.06,4.12,9.75,48.6,1.81,3.66,77.15,6.98,Ethiopia,5,2022-05-01
2021,8,12.76,15.1,14.97,6.7,7.74,74.98,2.4,3.61,76.07,6.31,Ethiopia,5,2021-05-01
2016,321,19.09,20.57,12.38,7.15,2.32,61.91,2.44,4.91,77.76,9.27,Ethiopia,10,2016-10-01
2022,313,14.47,21.14,11.01,8.1,4.27,53.87,0.49,4.88,77.7,10.17,Ethiopia,10,2022-10-01
2015,247,14.48,17.54,12.88,7.64,1.14,54.7,1.1,3.75,77.35,9.12,Ethiopia,3,2015-03-01
2025,323,15.7,18.7,15.54,8.13,11.22,56.35,2.01,4.59,76.98,6.38,Ethiopia,1,2025-01-01
2023,255,17.99,18.53,14.26,5.8,3.1,52.9,1.44,4.86,77.66,10.4,Ethiopia,5,2023-05-01
2023,328,14.82,19.7,13.44,5.31,4.53,82.71,3.7,4.34,77.79,13.26,Ethiopia,9,2023-09-01
2016,54,12.1,22.38,10.35,5.45,5.06,69.91,0.77,3.79,77.45,9.77,Ethiopia,1,2016-01-01
2021,249,14.23,21.32,16.24,6.53,5.5,75.64,1.09,4.38,75.69,8.84,Ethiopia,3,2021-03-01
2024,239,16.85,18.25,11.76,2.38,1.6,70.62,2.29,2.96,76.21,9.88,Ethiopia,4,2024-04-01
2017,229,20.38,20.08,14.87,8.66,4.69,65.61,1.37,4.07,76.73,7.79,Ethiopia,1,2017-01-01
2021,67,13.48,21.51,12.35,6.09,1.75,65.75,-0.89,3.77,75.52,7.66,Ethiopia,1,2021-01-01
2024,51,13.41,19.82,14.68,5.17,9.25,61.02,3.93,3.61,77.22,10.9,Ethiopia,8,2024-08-01
2023,97,12.97,18.99,15.61,0.94,4.13,61.84,0.93,2.27,78.41,11.98,Ethiopia,2,2023-02-01
2018,92,12.73,19.89,14.3,5.93,8.01,50.92,2.56,2.97,78.25,9.71,Ethiopia,12,2018-12-01
2015,264,18.41,17.59,14.51,5.6,8.42,75.82,0.75,3.51,77.74,6.05,Ethiopia,8,2015-08-01
2016,291,18.99,17.89,12.8,4.21,2.6,46.87,1.14,4.9,77.73,10.71,Ethiopia,7,2016-07-01
2015,96,16.36,16.87,12.13,4.65,0.7,54.41,0.38,4.29,79.22,14.13,Ethiopia,10,2015-10-01
2019,88,15.06,19.61,13.28,5.95,5.26,85.12,1.26,4.94,77.84,9.51,Ethiopia,10,2019-10-01
2019,78,19.58,18.74,12.32,4.82,1.17,66.36,1.36,5.24,77.93,9.64,Ethiopia,2,2019-02-01
2025,288,16.35,17.35,17.93,7.14,1.81,66.78,1.87,4.33,75.56,8.25,Ethiopia,6,2025-06-01
2021,120,18.18,18.67,11.02,4.5,9.43,71.37,1.63,4.14,78.33,10.96,Ethiopia,6,2021-06-01
2023,302,14.97,19.94,15.0,6.31,1.45,49.6,0.56,3.03,77.4,8.66,Ethiopia,3,2023-03-01
2023,165,16.09,22.83,14.03,8.36,1.84,51.06,1.48,5.99,76.92,12.04,Ethiopia,11,2023-11-01
2017,182,13.53,21.02,13.46,5.93,1.17,60.55,3.45,2.58,76.67,8.68,Ethiopia,2,2017-02-01
2017,223,17.26,14.43,15.96,6.71,13.91,55.97,3.33,4.12,76.45,10.68,Ethiopia,12,2017-12-01
2017,311,16.38,19.48,13.6,6.59,2.11,64.25,2.46,4.83,78.26,9.91,Ethiopia,1,2017-01-01
2018,7,14.21,21.86,11.73,6.02,3.82,69.86,2.66,4.85,76.97,13.11,Ethiopia,6,2018-06-01
2022,330,14.24,16.32,13.58,5.87,5.85,78.89,4.06,2.84,76.49,10.82,Ethiopia,12,2022-12-01
2020,263,19.23,20.1,12.63,4.86,0.12,73.11,2.57,3.58,76.23,12.77,Ethiopia,5,2020-05-01
2022,161,19.94,18.53,14.01,6.3,2.02,55.06,2.64,3.2,77.17,10.22,Ethiopia,11,2022-11-01
2015,151,15.57,21.3,14.63,5.43,7.75,61.25,0.44,2.02,76.64,9.66,Ethiopia,9,2015-09-01
2022,85,16.14,19.81,11.28,9.09,7.26,58.53,0.89,4.13,76.41,9.92,Ethiopia,1,2022-01-01
2018,147,16.8,17.23,15.39,7.62,2.97,54.83,1.97,3.28,75.62,8.46,Ethiopia,7,2018-07-01
2025,112,16.3,18.6,12.49,3.09,0.73,52.56,1.19,5.51,77.96,11.06,Ethiopia,5,2025-05-01
2015,36,12.65,18.72,13.89,3.21,4.7,81.64,1.0,4.62,76.86,8.62,Ethiopia,5,2015-05-01
2022,285,16.86,18.75,14.23,5.74,5.74,65.11,1.12,4.04,75.91,10.22,Ethiopia,2,2022-02-01
2018,188,11.82,21.24,13.73,5.21,12.91,62.76,0.58,3.53,76.73,11.71,Ethiopia,11,2018-11-01
2020,82,14.53,17.31,12.78,5.63,6.27,69.84,1.21,4.12,77.55,13.17,Ethiopia,3,2020-03-01
2022,2,17.01,21.01,12.02,7.3,7.33,70.34,2.34,3.74,77.03,10.33,Ethiopia,7,2022-07-01
2018,303,17.2,18.4,12.46,6.63,2.37,76.19,3.8,4.07,77.19,11.72,Ethiopia,6,2018-06-01
2017,197,14.38,19.45,16.13,6.61,9.41,57.56,2.8,5.9,77.04,11.48,Ethiopia,12,2017-12-01
2023,11,15.08,19.14,11.27,8.89,0.7,69.03,2.64,2.94,75.72,9.24,Ethiopia,2,2023-02-01
2017,234,14.81,18.96,11.56,3.22,1.76,55.89,0.38,3.83,77.95,14.22,Ethiopia,6,2017-06-01
2023,195,15.79,18.97,11.47,6.21,2.8,63.1,2.12,4.71,75.29,8.85,Ethiopia,2,2023-02-01
2016,119,15.95,21.91,13.27,4.84,2.69,65.57,1.93,3.6,77.46,10.18,Ethiopia,2,2016-02-01
2016,20,17.34,20.68,9.95,8.87,2.39,66.54,2.29,5.58,77.62,12.91,Ethiopia,2,2016-02-01
2016,261,14.97,18.27,10.29,1.58,1.47,66.1,1.64,4.68,76.78,12.86,Ethiopia,11,2016-11-01
2020,293,16.75,22.17,12.48,1.67,1.87,73.02,3.66,3.28,77.35,10.03,Ethiopia,3,2020-03-01
2017,256,17.01,19.55,10.42,6.61,1.82,59.03,2.05,4.2,76.72,11.98,Ethiopia,2,2017-02-01
2023,222,16.4,19.72,10.59,8.25,1.06,66.82,2.15,3.3,77.37,9.55,Ethiopia,4,2023-04-01
2018,226,15.48,17.33,10.44,7.55,3.94,57.41,0.04,3.2,77.99,9.02,Ethiopia,9,2018-09-01
2015,53,16.36,18.01,11.31,4.4,0.46,94.21,1.89,3.86,76.21,7.57,Ethiopia,6,2015-06-01
2018,355,17.5,17.62,14.46,9.01,8.23,55.87,3.15,5.26,77.67,11.45,Ethiopia,1,2018-01-01
2015,342,17.68,19.17,14.91,3.54,7.12,57.99,2.56,4.75,78.69,11.66,Ethiopia,8,2015-08-01
2019,364,19.63,20.28,16.84,8.61,2.25,73.83,-0.16,3.98,77.26,8.86,Ethiopia,12,2019-12-01
2018,280,14.02,19.73,16.76,3.8,7.79,60.71,1.55,4.78,76.5,10.54,Ethiopia,7,2018-07-01
2022,81,15.12,22.18,14.57,5.3,6.83,73.83,3.73,4.27,79.26,15.3,Ethiopia,10,2022-10-01
2022,202,12.77,17.22,15.06,7.28,15.15,66.53,1.85,2.83,77.09,12.29,Ethiopia,3,2022-03-01
2021,158,17.86,19.23,13.26,3.07,9.5,60.97,2.32,3.85,77.23,8.2,Ethiopia,1,2021-01-01
2017,120,15.33,16.43,14.04,8.94,0.2,57.47,3.62,3.93,77.25,12.0,Ethiopia,5,2017-05-01
2015,59,16.41,17.16,16.89,5.28,4.91,57.11,1.85,4.76,77.45,8.21,Ethiopia,4,2015-04-01
2015,215,14.79,21.53,13.74,6.27,4.0,61.08,2.79,3.43,76.66,4.21,Ethiopia,10,2015-10-01
2025,128,15.35,18.07,15.31,8.32,3.3,63.26,2.41,3.09,77.19,9.96,Ethiopia,8,2025-08-01
2017,224,18.45,17.39,11.13,4.41,2.08,56.68,2.63,3.95,77.95,13.13,Ethiopia,1,2017-01-01
2020,209,17.39,14.74,11.67,8.12,1.17,63.91,2.38,3.35,76.63,12.79,Ethiopia,10,2020-10-01
2021,115,15.78,17.37,13.62,9.28,0.66,54.06,1.45,3.68,76.58,10.75,Ethiopia,1,2021-01-01
2020,209,17.54,18.59,13.3,4.69,0.17,72.56,1.55,3.92,76.71,8.92,Ethiopia,12,2020-12-01
2020,14,17.58,16.29,11.76,8.74,2.66,74.47,1.15,3.62,75.9,10.97,Ethiopia,4,2020-04-01
2020,9,15.22,18.47,17.81,2.48,1.29,57.96,0.36,4.96,76.32,9.46,Ethiopia,8,2020-08-01
2017,40,13.06,21.54,13.35,6.78,4.21,57.4,3.24,5.41,76.28,8.97,Ethiopia,5,2017-05-01
2020,237,14.2,17.59,12.11,3.54,7.29,66.78,2.01,4.86,77.0,12.12,Ethiopia,2,2020-02-01
2022,281,13.32,17.11,13.3,7.89,1.66,77.65,3.19,2.23,77.84,8.95,Ethiopia,6,2022-06-01
2025,359,18.33,16.75,13.05,7.72,3.11,79.87,3.57,3.36,78.45,12.25,Ethiopia,5,2025-05-01
2025,201,18.68,16.72,13.38,10.15,7.21,50.97,2.05,3.82,77.06,8.82,Ethiopia,2,2025-02-01
2016,246,19.17,20.07,9.81,8.84,4.85,75.06,0.69,2.15,77.46,14.12,Ethiopia,11,2016-11-01
2019,278,11.96,19.1,15.58,5.67,7.02,64.38,1.8,3.12,77.24,6.72,Ethiopia,11,2019-11-01
2015,235,18.14,20.91,15.7,3.84,7.58,64.58,1.33,3.81,74.91,8.09,Ethiopia,11,2015-11-01
2015,4,20.42,23.04,15.94,7.13,12.69,70.05,0.02,3.55,75.85,9.69,Ethiopia,3,2015-03-01
2019,154,18.22,15.34,13.65,5.88,2.22,60.19,1.5,4.01,77.76,6.03,Ethiopia,9,2019-09-01
2017,29,11.7,19.76,14.32,9.1,4.29,75.97,1.93,2.62,77.86,4.86,Ethiopia,7,2017-07-01
2018,109,19.54,16.76,11.27,1.67,4.36,79.24,1.36,3.54,77.84,6.05,Ethiopia,7,2018-07-01
2017,98,16.08,20.58,14.67,10.38,0.35,79.61,1.23,4.15,76.82,9.42,Ethiopia,11,2017-11-01
2015,215,15.54,18.46,13.5,7.06,1.79,46.56,0.72,4.01,75.01,9.47,Ethiopia,6,2015-06-01
2015,293,16.9,19.05,12.08,4.37,3.5,62.7,2.2,4.45,75.97,10.67,Ethiopia,8,2015-08-01
2019,75,13.9,16.43,14.73,7.47,7.33,45.65,3.87,4.39,76.12,9.61,Ethiopia,4,2019-04-01
2020,326,16.01,18.15,14.81,8.59,1.18,57.35,3.28,3.59,77.63,10.6,Ethiopia,8,2020-08-01
2017,146,19.24,19.18,13.12,6.23,9.37,41.03,2.65,4.12,76.64,9.1,Ethiopia,4,2017-04-01
2023,128,17.24,21.71,13.88,2.47,1.95,69.5,2.68,3.2,78.69,11.43,Ethiopia,8,2023-08-01
2019,341,16.12,17.41,10.94,5.41,1.78,67.19,1.87,3.73,78.47,11.19,Ethiopia,9,2019-09-01
2022,42,16.18,17.9,15.49,8.08,4.93,60.67,0.2,2.94,78.67,9.35,Ethiopia,3,2022-03-01
2015,356,13.64,20.89,11.2,6.99,1.06,57.09,1.63,5.07,76.08,11.07,Ethiopia,3,2015-03-01
2019,41,15.7,17.28,11.59,5.69,5.88,68.14,1.03,3.73,77.49,9.62,Ethiopia,11,2019-11-01
2017,34,12.73,21.28,13.12,8.62,7.64,54.89,2.15,5.06,76.52,6.96,Ethiopia,2,2017-02-01
2015,17,18.04,18.98,15.23,7.48,0.12,54.21,3.23,4.31,77.33,11.81,Ethiopia,10,2015-10-01
2018,165,11.63,19.61,15.23,7.63,6.72,52.98,3.97,3.11,76.19,8.19,Ethiopia,3,2018-03-01
2019,153,17.71,19.74,12.99,5.18,3.32,62.96,2.06,4.25,78.23,11.79,Ethiopia,3,2019-03-01
2021,76,17.96,17.77,14.55,4.99,2.47,59.18,0.33,4.81,76.21,10.65,Ethiopia,5,2021-05-01
2015,87,18.64,19.78,9.62,2.6,7.31,61.16,2.06,3.92,75.05,9.83,Ethiopia,5,2015-05-01
2017,117,16.17,17.46,11.56,5.48,4.7,70.22,2.09,4.07,79.03,6.25,Ethiopia,2,2017-02-01
2016,362,17.83,18.0,11.6,7.87,0.81,74.63,2.68,3.45,77.44,13.08,Ethiopia,12,2016-12-01
2023,342,15.68,20.12,15.5,5.59,4.78,79.5,1.98,4.02,75.93,9.27,Ethiopia,10,2023-10-01
2024,27,13.63,19.59,14.31,6.89,1.77,65.6,2.07,4.24,76.84,11.27,Ethiopia,6,2024-06-01
2020,313,19.06,18.85,13.37,8.22,3.55,68.48,1.37,3.42,76.42,9.77,Ethiopia,5,2020-05-01
2024,287,15.81,16.48,13.56,6.75,3.64,66.89,1.69,2.92,77.01,9.46,Ethiopia,6,2024-06-01
2017,134,13.18,16.98,16.14,6.94,1.13,48.26,2.51,5.29,77.8,10.39,Ethiopia,1,2017-01-01
2022,219,15.07,19.55,12.66,3.28,1.18,61.3,-0.01,4.6,77.65,10.05,Ethiopia,5,2022-05-01
2022,168,15.15,20.46,10.37,5.35,3.35,61.35,1.68,3.45,77.25,9.47,Ethiopia,9,2022-09-01
2016,98,16.92,16.78,15.17,9.45,2.73,59.89,2.69,4.22,77.01,9.89,Ethiopia,12,2016-12-01
2020,268,20.69,17.32,13.36,6.21,0.67,64.59,3.64,2.52,78.08,10.85,Ethiopia,10,2020-10-01
2021,237,17.04,19.27,14.91,9.79,2.17,62.81,1.6,2.02,75.07,11.0,Ethiopia,2,2021-02-01
2016,309,16.41,19.23,12.91,4.55,3.06,55.14,3.19,5.08,76.25,10.09,Ethiopia,1,2016-01-01
2025,173,20.91,15.75,11.32,6.47,0.68,63.49,3.69,4.23,76.02,11.24,Ethiopia,10,2025-10-01
2024,190,17.96,19.32,13.81,5.23,2.17,58.61,1.61,3.95,78.01,9.15,Ethiopia,11,2024-11-01
2016,122,16.51,17.8,13.02,7.18,3.22,38.81,1.44,4.23,76.26,14.45,Ethiopia,9,2016-09-01
2024,46,15.04,22.28,13.37,7.79,11.04,51.03,1.82,7.23,75.71,12.97,Ethiopia,10,2024-10-01
2015,64,16.63,19.5,16.23,7.2,1.17,65.89,1.92,4.87,77.55,11.52,Ethiopia,9,2015-09-01
2022,130,15.87,19.84,10.8,8.08,10.49,75.92,3.09,2.95,76.09,6.12,Ethiopia,9,2022-09-01
2015,310,16.18,19.89,13.57,5.97,13.57,40.73,1.23,2.32,76.65,11.21,Ethiopia,6,2015-06-01
2023,363,18.63,16.57,11.36,5.62,1.77,56.3,3.54,5.05,79.38,9.33,Ethiopia,8,2023-08-01
2025,193,14.92,22.89,7.82,2.48,3.05,69.31,1.2,4.86,77.79,8.04,Ethiopia,11,2025-11-01
2020,307,17.03,15.75,12.9,7.28,13.52,73.78,0.74,4.58,76.79,9.28,Ethiopia,1,2020-01-01
2021,181,17.9,20.59,13.06,6.34,2.39,60.8,2.52,3.19,76.88,8.26,Ethiopia,10,2021-10-01
2024,292,14.68,20.24,14.25,5.86,3.18,58.17,3.23,4.36,77.91,11.01,Ethiopia,4,2024-04-01
2021,282,14.35,18.05,12.56,5.62,5.35,77.2,2.18,3.28,77.66,13.23,Ethiopia,1,2021-01-01
2024,29,15.7,20.33,10.02,5.93,0.34,72.96,2.44,4.66,77.08,11.65,Ethiopia,8,2024-08-01
2017,149,15.08,18.36,11.36,5.53,5.78,73.59,3.95,4.98,77.1,15.53,Ethiopia,1,2017-01-01
2016,267,18.3,17.65,15.63,4.94,15.15,60.32,3.24,3.46,75.52,6.89,Ethiopia,3,2016-03-01
2023,296,14.0,19.94,11.33,6.48,2.02,76.14,2.03,5.13,75.31,8.99,Ethiopia,4,2023-04-01
2022,11,16.14,16.99,16.17,6.97,5.31,45.55,1.57,4.11,76.82,8.11,Ethiopia,8,2022-08-01
2024,164,21.09,18.55,15.1,4.46,4.03,76.31,3.1,4.49,76.37,12.46,Ethiopia,6,2024-06-01
2021,113,16.83,17.81,12.36,5.2,2.82,64.33,2.83,2.69,77.59,9.56,Ethiopia,10,2021-10-01
2023,187,17.16,18.33,11.54,5.59,8.89,66.29,2.42,4.23,77.2,10.38,Ethiopia,12,2023-12-01
2018,295,18.32,19.87,15.1,6.01,6.19,55.55,1.67,3.32,76.23,11.27,Ethiopia,7,2018-07-01
2018,232,15.07,17.81,12.52,5.74,5.3,46.86,1.92,4.47,77.16,7.09,Ethiopia,8,2018-08-01
2015,227,13.84,18.62,9.91,7.32,9.55,66.08,1.85,5.47,76.58,8.76,Ethiopia,2,2015-02-01
2022,310,16.35,17.99,14.12,2.7,0.6,70.51,1.69,4.29,79.07,11.99,Ethiopia,10,2022-10-01
2017,98,16.53,21.89,13.83,3.05,3.1,72.03,1.4,3.1,77.39,8.9,Ethiopia,11,2017-11-01
2021,55,12.76,19.69,15.28,6.39,0.4,70.95,2.27,4.63,75.44,6.57,Ethiopia,8,2021-08-01
2016,111,16.75,19.44,13.7,4.79,1.64,68.68,1.35,4.4,78.82,8.2,Ethiopia,3,2016-03-01
2016,152,18.14,20.37,11.9,7.77,2.03,55.76,2.18,6.06,76.37,9.43,Ethiopia,7,2016-07-01
2021,246,14.17,17.81,15.54,8.34,1.28,72.67,-0.1,4.25,76.03,10.33,Ethiopia,3,2021-03-01
2020,69,16.87,20.72,15.73,6.47,2.86,54.64,1.4,3.41,79.14,9.86,Ethiopia,7,2020-07-01
2017,312,17.78,19.69,13.47,3.86,1.14,76.07,3.1,4.77,77.35,8.77,Ethiopia,11,2017-11-01
2023,289,17.17,15.88,13.12,8.11,2.19,64.16,1.1,3.87,77.7,11.88,Ethiopia,12,2023-12-01
2024,250,17.36,16.14,10.35,6.4,5.03,64.49,2.59,4.08,77.73,9.74,Ethiopia,2,2024-02-01
2020,36,15.51,17.86,11.78,3.03,9.19,73.66,1.18,3.07,76.79,10.42,Ethiopia,10,2020-10-01
2024,239,13.74,16.36,14.52,3.2,9.56,75.01,2.78,3.88,76.43,8.88,Ethiopia,6,2024-06-01
2024,148,15.11,18.52,11.89,9.03,6.81,72.71,1.7,4.03,76.59,13.02,Ethiopia,3,2024-03-01
2020,227,14.83,16.97,10.09,8.7,3.3,56.8,1.66,3.87,78.61,9.22,Ethiopia,3,2020-03-01
2015,244,15.84,18.8,19.99,0.97,1.2,72.63,2.05,3.41,77.2,10.15,Ethiopia,9,2015-09-01
2018,337,18.19,21.82,10.07,3.28,1.63,56.85,0.66,4.29,78.31,12.07,Ethiopia,7,2018-07-01
2024,201,13.38,18.9,17.51,8.28,0.29,72.88,2.97,3.08,76.92,10.56,Ethiopia,5,2024-05-01
2020,154,16.29,18.39,12.39,5.96,4.71,50.75,3.3,2.84,76.24,10.51,Ethiopia,12,2020-12-01
2020,73,13.87,19.78,12.83,7.4,4.97,64.06,1.64,4.71,75.56,6.05,Ethiopia,10,2020-10-01
2025,201,14.52,17.61,11.66,5.88,11.47,56.79,2.52,4.62,77.65,11.36,Ethiopia,7,2025-07-01
2019,296,17.12,20.69,14.57,7.31,8.98,73.7,2.78,2.69,78.69,10.11,Ethiopia,9,2019-09-01
2015,17,13.62,19.99,10.12,6.01,5.39,76.15,1.91,2.17,76.11,11.08,Ethiopia,1,2015-01-01
2022,129,17.47,19.08,9.32,5.12,2.69,66.99,0.89,2.99,77.51,10.37,Ethiopia,7,2022-07-01
2019,217,13.3,19.31,16.22,8.12,9.14,66.66,3.59,3.87,75.62,8.88,Ethiopia,6,2019-06-01
2019,61,17.33,23.08,11.39,6.4,6.45,72.04,1.61,5.15,76.44,11.79,Ethiopia,10,2019-10-01
2021,104,12.9,20.88,14.49,7.3,8.53,76.21,1.39,3.85,77.27,10.4,Ethiopia,12,2021-12-01
2018,42,14.76,23.4,10.83,6.31,2.7,65.37,3.64,3.23,75.27,7.42,Ethiopia,9,2018-09-01
2020,25,19.79,20.06,14.42,5.03,11.95,60.0,2.61,4.15,76.98,12.62,Ethiopia,1,2020-01-01
2018,39,19.42,16.06,16.37,9.22,8.83,71.47,2.26,3.89,76.16,7.14,Ethiopia,4,2018-04-01
2017,291,15.17,18.48,11.95,6.71,5.55,46.41,1.03,2.62,77.6,11.8,Ethiopia,9,2017-09-01
2021,131,16.78,15.6,9.13,5.29,9.28,74.1,2.8,2.62,76.83,12.97,Ethiopia,4,2021-04-01
2022,229,18.41,20.06,16.38,8.56,0.9,57.9,4.9,2.65,77.94,7.79,Ethiopia,10,2022-10-01
2018,108,17.36,20.49,14.85,3.36,2.84,62.6,2.88,6.48,76.72,9.75,Ethiopia,3,2018-03-01
2016,172,15.45,17.23,12.05,10.47,4.61,74.16,2.5,4.86,75.64,9.57,Ethiopia,9,2016-09-01
2024,102,14.5,17.69,12.56,5.64,2.71,60.84,2.72,3.41,75.51,9.66,Ethiopia,2,2024-02-01
2017,354,17.74,19.3,10.78,3.46,2.01,71.47,1.67,5.11,75.09,13.66,Ethiopia,4,2017-04-01
2015,12,18.26,16.6,15.84,9.81,9.08,76.39,1.66,3.43,77.63,7.81,Ethiopia,6,2015-06-01
2022,275,19.43,16.45,11.93,5.07,3.84,66.1,1.65,5.08,79.56,9.39,Ethiopia,2,2022-02-01
2017,101,12.63,21.48,10.16,6.49,4.32,68.11,1.43,4.08,77.44,13.01,Ethiopia,8,2017-08-01
2024,44,13.49,19.23,13.43,7.44,1.36,63.81,1.65,3.34,78.67,9.35,Ethiopia,8,2024-08-01
2021,305,18.32,17.88,11.28,8.37,7.41,66.16,1.64,4.68,78.13,8.13,Ethiopia,1,2021-01-01
2024,17,12.9,15.62,10.94,6.6,6.51,53.84,1.76,4.14,76.48,10.53,Ethiopia,12,2024-12-01
2019,330,18.48,20.7,12.14,4.71,7.37,62.06,1.73,4.4,78.27,11.61,Ethiopia,3,2019-03-01
2024,57,15.57,17.63,13.17,6.44,0.51,52.12,2.24,4.22,76.52,9.21,Ethiopia,10,2024-10-01
2019,311,14.96,22.72,10.24,5.16,9.52,56.01,2.08,4.21,76.54,11.11,Ethiopia,9,2019-09-01
2021,303,16.41,20.72,15.77,6.5,12.19,44.97,2.17,4.8,76.79,7.25,Ethiopia,5,2021-05-01
2023,12,13.31,17.38,14.35,9.26,7.21,67.64,3.52,6.58,76.84,7.36,Ethiopia,6,2023-06-01
2019,318,17.65,17.57,12.27,7.51,1.05,81.92,2.08,5.25,77.66,9.12,Ethiopia,4,2019-04-01
2015,80,19.38,22.44,11.19,6.41,1.01,60.44,4.21,4.22,76.33,11.18,Ethiopia,10,2015-10-01
2024,216,17.74,18.83,12.82,7.48,1.12,74.65,2.35,3.69,77.89,11.52,Ethiopia,2,2024-02-01
2024,339,15.51,17.97,14.8,7.62,0.18,76.26,1.55,3.8,77.87,7.64,Ethiopia,11,2024-11-01
2015,264,12.92,19.06,14.49,3.84,2.64,53.01,3.35,2.74,77.34,11.45,Ethiopia,8,2015-08-01
2016,149,13.0,17.96,15.12,6.08,6.16,55.16,1.92,4.66,78.94,10.33,Ethiopia,11,2016-11-01
2020,81,13.34,19.48,12.04,11.13,4.45,74.91,-0.39,2.99,78.29,8.24,Ethiopia,6,2020-06-01
2023,215,15.98,18.85,7.15,8.43,4.01,64.08,2.0,3.63,78.07,7.33,Ethiopia,5,2023-05-01
2022,198,16.23,20.75,15.5,4.99,1.79,52.09,1.75,4.67,77.07,10.46,Ethiopia,9,2022-09-01
2019,200,17.74,18.22,12.67,4.79,2.63,58.63,3.61,3.76,77.35,12.58,Ethiopia,1,2019-01-01
2015,25,12.41,17.23,14.33,4.73,6.98,69.2,1.1,3.51,77.52,10.07,Ethiopia,5,2015-05-01
2021,89,18.62,18.3,16.34,7.73,7.06,57.06,1.67,2.8,77.01,8.13,Ethiopia,6,2021-06-01
2019,268,17.39,18.29,17.87,9.22,2.94,37.25,3.27,5.21,76.62,6.26,Ethiopia,5,2019-05-01
2020,143,15.35,18.84,11.7,7.16,4.44,61.78,2.39,3.17,74.59,13.06,Ethiopia,6,2020-06-01
2021,59,13.62,20.27,13.27,6.31,6.92,62.59,1.83,3.41,77.72,12.08,Ethiopia,6,2021-06-01
2017,26,18.5,20.16,15.73,5.11,2.05,65.09,1.24,2.21,78.04,10.6,Ethiopia,7,2017-07-01
2024,47,15.4,21.4,11.31,6.66,2.31,77.59,2.35,3.98,75.84,12.96,Ethiopia,4,2024-04-01
2017,288,15.96,17.38,11.84,4.36,5.92,65.54,1.97,3.67,77.61,10.45,Ethiopia,11,2017-11-01
2019,266,16.77,19.78,11.82,2.13,6.52,67.43,1.23,4.18,76.41,8.94,Ethiopia,8,2019-08-01
2020,16,14.17,20.45,12.94,9.27,9.66,75.56,1.28,2.83,76.63,11.11,Ethiopia,7,2020-07-01
2023,199,15.44,17.65,12.56,3.99,4.13,65.1,1.19,4.73,78.31,8.34,Ethiopia,9,2023-09-01
2019,282,17.73,18.58,11.81,5.35,10.79,86.37,1.01,2.16,76.01,8.01,Ethiopia,7,2019-07-01
2015,86,17.53,15.5,11.07,7.31,2.44,52.36,2.93,3.91,76.01,11.54,Ethiopia,3,2015-03-01
2018,250,17.55,20.81,14.62,8.87,0.82,55.66,2.8,4.12,78.8,11.71,Ethiopia,3,2018-03-01
2019,270,13.69,18.57,15.68,6.51,9.04,71.14,2.94,4.06,76.85,7.45,Ethiopia,8,2019-08-01
2024,335,15.53,20.61,15.97,3.61,0.98,77.54,2.0,4.16,78.25,7.53,Ethiopia,5,2024-05-01
2024,117,15.21,19.41,12.04,5.4,2.08,62.99,1.76,4.79,75.4,9.11,Ethiopia,4,2024-04-01
2019,7,16.85,18.63,14.71,4.64,6.81,54.89,1.78,5.32,75.48,8.58,Ethiopia,8,2019-08-01
2021,137,16.67,15.81,13.47,5.92,1.03,82.61,3.02,3.84,76.09,10.95,Ethiopia,6,2021-06-01
2018,176,16.31,16.17,11.86,8.46,6.94,57.08,0.18,3.03,76.52,10.1,Ethiopia,2,2018-02-01
2015,328,20.93,13.81,14.47,0.93,1.71,68.39,1.49,4.56,75.6,12.33,Ethiopia,4,2015-04-01
2019,315,15.42,17.87,11.77,5.18,8.74,78.14,1.11,3.72,77.37,10.63,Ethiopia,12,2019-12-01
2021,215,15.18,23.56,12.25,5.03,2.83,60.58,3.36,5.26,77.43,8.71,Ethiopia,11,2021-11-01
2024,82,13.69,16.42,10.25,3.49,11.29,58.78,1.52,3.4,76.1,6.22,Ethiopia,4,2024-04-01
2024,223,12.92,13.74,12.07,7.17,6.93,59.46,0.36,3.14,76.18,10.36,Ethiopia,6,2024-06-01
2020,103,13.56,20.93,13.51,3.17,9.74,74.02,2.22,4.14,76.31,6.58,Ethiopia,6,2020-06-01
2019,273,14.56,23.73,16.14,3.4,0.82,75.6,1.63,2.26,75.84,8.69,Ethiopia,1,2019-01-01
2018,14,18.62,19.6,12.29,7.7,0.95,65.34,1.44,3.53,74.1,8.56,Ethiopia,8,2018-08-01
2016,159,16.08,19.58,10.92,9.0,4.73,83.83,1.34,3.67,76.91,8.98,Ethiopia,6,2016-06-01
2018,152,16.39,18.38,15.99,5.85,4.89,65.32,1.3,4.22,76.57,7.37,Ethiopia,3,2018-03-01
2024,108,15.81,15.41,11.99,3.57,5.36,77.92,2.71,3.0,76.67,8.55,Ethiopia,9,2024-09-01
2024,188,16.73,16.1,9.5,4.59,1.38,60.68,2.22,3.12,75.99,12.29,Ethiopia,2,2024-02-01
2017,301,18.8,18.37,13.27,8.02,9.65,88.34,1.8,5.16,77.81,12.29,Ethiopia,11,2017-11-01
2024,98,12.01,17.98,12.35,6.23,6.4,80.7,0.9,3.99,79.43,13.06,Ethiopia,8,2024-08-01
2015,131,18.44,18.77,17.6,5.8,8.48,63.72,1.83,4.86,76.17,10.02,Ethiopia,10,2015-10-01
2022,293,10.97,20.66,13.95,6.63,0.77,79.35,2.26,3.46,78.4,10.54,Ethiopia,3,2022-03-01
2019,171,16.06,17.84,12.71,5.92,8.24,78.84,2.3,3.95,77.37,12.32,Ethiopia,12,2019-12-01
2018,183,20.38,20.7,11.15,9.09,10.22,80.53,2.16,4.21,77.04,7.06,Ethiopia,5,2018-05-01
2022,364,17.36,17.85,13.66,4.5,2.81,40.18,1.08,5.75,76.66,11.61,Ethiopia,6,2022-06-01
2021,39,16.75,21.08,15.91,4.27,0.7,72.19,-0.4,3.78,76.92,12.6,Ethiopia,10,2021-10-01
2016,15,20.0,19.17,13.62,3.23,0.61,70.42,3.8,3.83,78.15,8.22,Ethiopia,6,2016-06-01
2015,4,14.59,18.13,11.31,4.92,9.2,69.71,0.69,5.1,75.86,12.77,Ethiopia,4,2015-04-01
2025,349,16.87,19.14,14.08,3.82,16.42,67.18,0.04,3.62,76.72,14.12,Ethiopia,3,2025-03-01
2018,210,17.16,18.41,12.9,6.44,1.91,67.48,2.13,4.28,78.25,11.56,Ethiopia,4,2018-04-01
2022,161,14.96,19.23,13.9,6.04,2.29,77.83,0.29,5.01,77.98,11.19,Ethiopia,1,2022-01-01
2016,16,15.13,20.52,12.29,3.84,7.61,70.39,1.2,3.42,75.88,7.76,Ethiopia,4,2016-04-01
2017,108,14.91,18.83,12.24,7.18,0.77,67.17,2.55,4.34,76.82,12.14,Ethiopia,1,2017-01-01
2015,311,16.17,18.26,12.16,9.03,8.09,76.39,3.77,5.75,77.73,7.95,Ethiopia,12,2015-12-01
2015,227,17.09,16.75,14.88,6.72,5.33,69.18,2.39,4.92,77.66,10.74,Ethiopia,1,2015-01-01
2017,170,16.25,20.16,12.26,0.91,2.88,70.14,1.56,4.28,77.98,10.94,Ethiopia,10,2017-10-01
2025,34,17.42,19.7,12.08,9.97,5.21,83.67,1.95,3.78,77.38,3.41,Ethiopia,6,2025-06-01
2019,251,12.06,16.64,11.12,7.49,4.9,60.66,0.19,3.4,77.55,10.81,Ethiopia,5,2019-05-01
2017,247,15.56,20.67,13.91,9.91,2.1,49.84,1.55,3.01,77.34,15.24,Ethiopia,11,2017-11-01
2015,269,13.95,16.6,13.62,8.18,5.78,65.72,1.55,5.51,78.58,5.82,Ethiopia,4,2015-04-01
2015,141,16.6,21.06,12.1,8.58,3.89,67.15,2.15,5.32,76.58,9.89,Ethiopia,11,2015-11-01
2022,274,16.57,20.38,11.58,6.41,10.87,72.22,3.94,3.34,77.05,6.11,Ethiopia,3,2022-03-01
2024,96,15.77,19.84,16.75,5.48,5.04,66.07,0.06,4.34,75.99,8.21,Ethiopia,1,2024-01-01
2025,227,17.02,18.25,9.24,6.75,1.83,72.55,1.59,4.11,75.79,6.14,Ethiopia,6,2025-06-01
2016,39,18.0,20.15,13.99,4.58,5.13,90.05,0.17,5.18,77.32,10.32,Ethiopia,2,2016-02-01
2017,302,15.88,21.15,15.58,6.87,3.19,73.02,1.5,4.38,76.28,11.59,Ethiopia,8,2017-08-01
2016,29,13.9,20.18,6.23,0.75,5.06,74.77,1.14,3.98,76.94,10.82,Ethiopia,10,2016-10-01
2017,318,12.84,17.66,14.59,6.09,0.5,63.7,0.51,3.46,78.62,8.14,Ethiopia,5,2017-05-01
2021,245,16.07,19.53,12.56,8.69,8.81,51.15,2.91,4.34,78.56,8.78,Ethiopia,7,2021-07-01
2015,236,16.48,21.26,13.51,6.19,3.23,42.02,2.26,3.65,79.22,10.54,Ethiopia,10,2015-10-01
2024,185,14.06,23.4,12.35,9.45,6.48,59.81,2.8,4.22,78.64,8.2,Ethiopia,12,2024-12-01
2022,272,17.45,18.59,15.15,5.47,4.6,39.2,1.47,3.92,79.4,7.34,Ethiopia,2,2022-02-01
2024,236,15.08,20.72,13.73,8.01,3.88,70.14,1.93,3.63,77.44,9.52,Ethiopia,8,2024-08-01
2024,239,12.69,21.27,13.26,4.24,6.13,61.17,3.59,3.03,76.1,8.11,Ethiopia,2,2024-02-01
2024,266,18.51,17.38,11.2,7.92,3.93,51.87,2.0,4.51,76.0,10.82,Ethiopia,4,2024-04-01
